Fighter,Elo Rating
Jon Jones,1236.25
Islam Makhachev,1200.32
Amanda Nunes,1198.7
Georges St-Pierre,1197.75
Kamaru Usman,1191.19
Khabib Nurmagomedov,1188.83
Anderson Silva,1185.47
Demetrious Johnson,1176.63
Alexander Volkanovski,1173.2
Jon Fitch,1166.85
Dustin Poirier,1160.82
Royce Gracie,1160.21
Max Holloway,1154.43
Matt Hughes,1154.4
Valentina Shevchenko,1153.7
Ilia Topuria,1151.87
Donald Cerrone,1148.51
Francis Ngannou,1147.85
Movsar Evloev,1146.56
Ian Machado Garry,1146.14
Junior Dos Santos,1145.65
Joseph Benavidez,1144.87
Arnold Allen,1142.85
Israel Adesanya,1142.61
Chuck Liddell,1141.38
Rich Franklin,1141.36
Khamzat Chimaev,1138.82
Cain Velasquez,1138.41
Grant Dawson,1135.9
Brendan Allen,1135.7
Alexandre Pantoja,1133.01
Merab Dvalishvili,1132.72
Lerone Murphy,1132.33
Deiveson Figueiredo,1132.1
Dong Hyun Kim,1130.9
Demian Maia,1130.52
Magomed Ankalaev,1130.34
Daniel Cormier,1130.3
Aljamain Sterling,1130.29
Petr Yan,1128.94
Jim Miller,1128.3
Dricus Du Plessis,1128.16
Sean Strickland,1127.86
Ciryl Gane,1127.6
Leon Edwards,1127.36
Michael Bisping,1127.15
Benson Henderson,1127.15
Randy Couture,1124.9
Don Frye,1124.85
Muhammad Mokaev,1124.78
Manon Fiorot,1124.23
Lyoto Machida,1124.23
Ryan Bader,1122.92
Conor McGregor,1122.31
Tatiana Suarez,1122.09
Joshua Van,1121.93
Vicente Luque,1121.75
Robert Whittaker,1121.52
Arman Tsarukyan,1121.49
Song Yadong,1121.27
Beneil Dariush,1121.15
Frankie Edgar,1120.87
Rashad Evans,1120.65
Tony Ferguson,1120.62
Stipe Miocic,1120.15
Michael Morales,1119.42
Paddy Pimblett,1118.63
Natalia Silva,1118.35
Glover Teixeira,1118.16
Alex Pereira,1117.61
Erin Blanchfield,1117.21
Tom Aspinall,1117.14
Belal Muhammad,1117.07
Curtis Blaydes,1116.76
Jack Della Maddalena,1116.6
Shavkat Rakhmonov,1115.35
Derrick Lewis,1114.78
Neil Magny,1114.6
Kyoji Horiguchi,1114.14
Carlos Ulberg,1114.1
Tatsuro Taira,1114.04
Maycee Barber,1113.8
Alexander Volkov,1111.2
Yair Rodriguez,1108.9
Zhang Weili,1108.84
Joanna Jedrzejczyk,1108.73
Sean O'Malley,1108.43
Colby Covington,1108.11
Yushin Okami,1107.74
Umar Nurmagomedov,1106.68
Phil Davis,1106.08
Rustam Khabilov,1105.86
John Lineker,1105.66
Jose Aldo,1105.32
Darren Elkins,1105.06
Caio Borralho,1104.6
Gilbert Burns,1104.21
Drakkar Klose,1104.11
Josh Koscheck,1103.81
Rinat Fakhretdinov,1103.38
Charles Oliveira,1103.36
Francisco Trinaldo,1103.3
Waldo Cortes Acosta,1103.12
Jailton Almeida,1102.97
Sean Brady,1102.63
Azamat Murzakanov,1102.46
Cory Sandhagen,1102.31
Diego Sanchez,1101.75
Derek Brunson,1101.44
Yoel Romero,1100.88
TJ Dillashaw,1100.57
Nassourdine Imavov,1100.17
Pat Miletich,1100.04
Johny Hendricks,1099.74
Nathaniel Wood,1099.7
Gray Maynard,1099.39
Bryce Mitchell,1098.69
Anthony Hernandez,1097.91
Gregor Gillespie,1097.39
Nik Lentz,1097.28
Brad Tavares,1097.02
Michael Chiesa,1096.1
Elizeu Zaleski dos Santos,1095.96
Bryan Battle,1095.63
Cristiane Justino,1094.6
Martin Buday,1094.38
Raphael Assuncao,1094.14
Edson Barboza,1094.04
Zabit Magomedsharipov,1093.78
Norma Dumont,1093.56
Pat Sabatini,1093.49
Kenny Florian,1093.33
Raoni Barcelos,1093.12
Frank Shamrock,1092.8
Daniel Rodriguez,1092.01
Farid Basharat,1091.99
Joel Alvarez,1091.74
Mario Bautista,1091.63
Evan Tanner,1091.5
John Hathaway,1091.45
Michel Prazeres,1091.08
Matt Hamill,1090.53
James Vick,1090.13
Rani Yahya,1089.16
Andrei Arlovski,1088.92
Carlos Prates,1088.58
Jacqueline Cavalcanti,1088.18
Gregory Rodrigues,1087.88
Martin Kampmann,1087.63
Ricardo Lamas,1087.55
Yan Xiaonan,1087.13
Gillian Robertson,1087.09
Frank Mir,1086.95
Matt Lindland,1086.54
Fabricio Werdum,1086.44
Tito Ortiz,1086.35
Cub Swanson,1085.23
Montel Jackson,1085.04
Vitor Belfort,1084.94
Ricky Simon,1084.9
Raquel Pennington,1084.89
John Dodson,1084.79
Tim Sylvia,1084.58
Sean Woodson,1084.53
Elias Theodorou,1084.27
Mairbek Taisumov,1084.18
Steve Garcia,1083.81
Chad Mendes,1083.6
Jasmine Jasudavicius,1083.51
Germaine de Randamie,1083.45
Brandon Moreno,1083.36
Zak Cummings,1083.06
Chris Duncan,1082.9
Ronda Rousey,1082.78
Jake Matthews,1082.6
Mackenzie Dern,1082.29
Asu Almabayev,1082.28
Leonardo Santos,1082.06
Fares Ziam,1081.94
Anthony Johnson,1081.88
Mike Malott,1081.83
Randy Brown,1081.31
Chris Weidman,1081.24
David Teymur,1081.21
Mike Swick,1081.08
Chris Gutierrez,1080.73
Henry Cejudo,1080.29
Nate Diaz,1079.9
Rashid Magomedov,1079.74
Joe Pyfer,1079.6
Myles Jury,1079.21
Gegard Mousasi,1079.07
Kelvin Gastelum,1078.76
Aiemann Zahabi,1078.6
Tracy Cortez,1078.57
Dan Severn,1078.52
Karo Parisyan,1078.26
Dominick Cruz,1078.04
Gabriel Bonfim,1078.02
Erik Perez,1077.89
JunYong Park,1077.45
Jean Silva,1077.37
Rory MacDonald,1076.98
Sean Sherk,1076.98
Dominick Reyes,1076.95
Karol Rosa,1076.74
Manuel Torres,1076.5
Stephen Thompson,1076.03
Julianna Pena,1075.74
Giga Chikadze,1075.52
Ryan LaFlare,1075.3
Gunnar Nelson,1074.87
Tagir Ulanbekov,1074.74
Katlyn Cerminara,1074.73
Vinicius Oliveira,1074.64
Rose Namajunas,1074.51
Sergei Pavlovich,1074.46
Forrest Griffin,1074.41
Santiago Ponzinibbio,1074.2
Shane Burgos,1074.04
Youssef Zalal,1073.83
Rafael Dos Anjos,1073.61
Diego Ferreira,1073.5
Ryan Hall,1073.5
Mark Kerr,1073.39
Mairon Santos,1073.32
Chris Padilla,1073.21
Jens Pulver,1072.56
Renato Moicano,1072.45
Chepe Mariscal,1072.34
Andre Lima,1072.31
Alexander Gustafsson,1072.3
Miranda Maverick,1072.19
Cheick Kongo,1072.14
Roger Huerta,1071.98
Thales Leites,1071.82
Damir Ismagulov,1071.44
Payton Talbott,1071.37
Alexandr Romanov,1071.3
Roman Dolidze,1071.15
Jessica Andrade,1071.01
Ricco Rodriguez,1070.95
Andre Petroski,1070.8
Pedro Rizzo,1070.76
Luana Santos,1070.74
Amir Albazi,1070.48
Kevin Lee,1070.09
Jiri Prochazka,1069.53
Ovince Saint Preux,1069.48
Nate Quarry,1069.47
Matt Mitrione,1069.4
Shara Magomedov,1069.37
Krzysztof Jotko,1069.03
Vitor Petrino,1068.89
Jordan Johnson,1068.72
Chris Leben,1068.69
Bo Nickal,1068.36
Taylor Lapilus,1068.35
Kevin Holland,1068.25
Thiago Alves,1068.24
Jared Rosholt,1068.18
Corey Anderson,1068.11
Joaquin Buckley,1067.92
Rick Story,1067.84
William Gomis,1067.81
Daniel Marcos,1067.69
Sergio Moraes,1067.61
TJ Grant,1067.58
Loma Lookboonmee,1067.07
George Sotiropoulos,1066.96
Ketlen Vieira,1066.91
Raul Rosas Jr.,1066.79
Jairzinho Rozenstruik,1066.44
Nasrat Haqparast,1066.35
Li Jingliang,1066.31
Brunno Ferreira,1066.28
Alejandro Perez,1066.23
Thiago Santos,1066.16
Diego Lopes,1066.08
Josh Emmett,1065.94
Francis Carmont,1065.85
Ailin Perez,1065.58
Chris Wade,1065.47
Tabatha Ricci,1065.13
Guy Mezger,1064.98
Benoit Saint Denis,1064.97
Oleg Taktarov,1064.91
Brian Ortega,1064.85
Jimmie Rivera,1064.84
Dan Hooker,1064.63
Carla Esparza,1064.46
Matheus Nicolau,1064.39
Chas Skelly,1064.39
Ludovit Klein,1064.21
Geoff Neal,1063.9
Alex Morono,1062.97
Cezar Ferreira,1062.71
Quinton Jackson,1062.47
BJ Penn,1062.33
Rafael Estevam,1062.15
Rob Font,1062.06
Gleison Tibau,1061.66
Kyler Phillips,1061.39
Sergio Pettis,1061.2
Josh Barnett,1061.12
Marlon Vera,1061.07
Matthew Riddle,1061.05
Dennis Bermudez,1060.95
Denise Gomes,1060.68
Omari Akhmedov,1060.05
Chase Hooper,1060.01
Sage Northcutt,1059.91
Mateusz Gamrot,1059.87
Edmen Shahbazyan,1059.81
Said Nurmagomedov,1059.79
Thiago Silva,1059.75
Muhammad Naimov,1059.71
Jack Shore,1059.52
Amanda Lemos,1059.47
Travis Browne,1059.29
Nate Marquardt,1058.93
Jonathan Martinez,1058.89
Aaron Simpson,1058.84
Gabriel Gonzaga,1058.77
Melquizael Costa,1058.76
Christian Leroy Duncan,1058.67
Marcus McGhee,1058.43
Nazim Sadykhov,1058.38
Michel Pereira,1058.14
Brett Johns,1057.65
Kai Kara-France,1057.34
Joe Lauzon,1057.33
Justin Willis,1057.27
Jacare Souza,1057.21
Adrian Yanez,1057.08
Mike Pierce,1057.07
Nursulton Ruziboev,1056.88
Navajo Stirling,1056.69
Laverne Clark,1056.65
Kevin Vallejos,1056.62
Nurullo Aliev,1056.62
Quillan Salkilld,1056.62
SuYoung You,1056.62
Kayla Harrison,1056.62
Jon Madsen,1056.44
Jerry Bohlander,1056.25
Casey O'Neill,1055.92
Michael McDonald,1055.7
Reinier de Ridder,1055.6
MarQuel Mederos,1055.55
Ateba Gautier,1055.49
Jack Hermansson,1055.47
Paulo Costa,1055.3
Robbie Lawler,1055.09
Stefan Struve,1054.92
Alexa Grasso,1054.91
Tyson Griffin,1054.9
Karine Silva,1054.77
Renan Barao,1054.61
JJ Aldrich,1054.6
Mirsad Bektic,1054.59
Mark Munoz,1054.58
Krzysztof Soszynski,1054.44
Rinya Nakamura,1054.43
Casey Kenney,1054.3
Matt Brown,1054.28
Ruslan Magomedov,1054.14
Muslim Salikhov,1053.96
Macy Chiasson,1053.86
Nate Maness,1053.85
Al Iaquinta,1053.79
Marcus Davis,1053.76
James Krause,1053.62
Virna Jandiroba,1053.56
Evan Dunham,1053.45
Mansur Abdul-Malik,1053.44
Bogdan Guskov,1053.35
Jorge Masvidal,1053.26
Alonzo Menifield,1053.18
Manel Kape,1052.78
Melvin Guillard,1052.59
Mark Coleman,1052.42
Mick Parkin,1052.41
Mike Davis,1052.21
Rousimar Palhares,1052.19
Jeff Molina,1052.15
Rafael Fiziev,1052.06
Loopy Godinez,1051.99
Myktybek Orolbai,1051.82
Claudio Silva,1051.47
Diego Brandao,1051.37
Urijah Faber,1051.36
Allan Nascimento,1051.3
Tecia Pennington,1050.46
Michael Graves,1050.16
Ignacio Bahamondes,1049.95
Brandon Royval,1049.78
Vladimir Matyushenko,1049.57
Ricardo Ramos,1049.53
Ryan Spann,1049.39
Chris Curtis,1049.16
Askar Askarov,1048.78
Ikram Aliskerov,1048.75
Tom Breese,1048.65
Olivier Aubin-Mercier,1048.62
Daniel Santos,1048.46
Stevie Ray,1048.34
Nordine Taleb,1047.43
Mike Russow,1047.31
Tom Nolan,1047.26
Mark Bocek,1047.23
Joanderson Brito,1047.05
Andre Muniz,1046.81
Chad Laprise,1046.79
Marcos Rogerio de Lima,1046.74
Iuri Alcantara,1046.54
Sam Patterson,1046.44
Tyron Woodley,1046.18
Marcin Tybura,1045.93
John Moraga,1045.68
Nicolas Dalby,1045.47
King Green,1045.26
Uros Medic,1045.24
Enrique Barzola,1045.18
Valter Walker,1045.06
Norman Parke,1044.93
Zubaira Tukhugov,1044.85
Warlley Alves,1044.78
David Onama,1044.61
Brandon Vera,1044.57
Bryan Caraway,1044.52
Sodiq Yusuff,1044.18
Brian Ebersole,1044.18
Chan Sung Jung,1044.12
Jamahal Hill,1043.89
Daniel Kelly,1043.81
Don Madge,1043.39
Alan Jouban,1043.3
Cody Garbrandt,1043.29
Jeremiah Wells,1043.28
Jeremy Kennedy,1043.23
Johnny Case,1043.12
Mauricio Ruffy,1043.01
Julio Arce,1042.88
Alistair Overeem,1042.59
Abel Trujillo,1041.74
Albert Tumenov,1041.62
Iasmin Lucindo,1041.31
Amanda Ribas,1041.29
Anthony Rocco Martin,1041.2
Jared Gordon,1041.06
Khaos Williams,1041.05
Shane Carwin,1040.98
Spencer Fisher,1040.83
Marco Ruas,1040.83
Jack Jenkins,1040.67
Paul Felder,1040.65
Matt Wiman,1040.58
Joaquim Silva,1040.34
Zhang Mingyang,1040.04
Serghei Spivac,1040.01
Aleksandre Topuria,1040.0
Joel Sutton,1039.93
Oban Elliott,1039.81
Chris Holdsworth,1039.78
Gerald Harris,1039.68
Charles Radtke,1039.65
Justin Gaethje,1039.53
Hakeem Dawodu,1039.49
Piera Rodriguez,1039.37
Kyung Ho Kang,1039.35
Bas Rutten,1039.32
Thiago Tavares,1039.23
Alberto Mina,1039.1
Kendall Grove,1039.09
Murilo Bustamante,1039.03
Adriano Martins,1039.02
Baisangur Susurkaev,1038.85
Yadier del Valle,1038.85
Seokhyeon Ko,1038.85
Alexia Thainara,1038.85
Jacobe Smith,1038.85
Ramazan Temirov,1038.79
Dustin Ortiz,1038.75
Ken Shamrock,1038.75
Jan Blachowicz,1038.74
Jordan Leavitt,1038.59
Eduarda Moura,1038.55
Rodolfo Vieira,1038.52
Dan Ige,1038.46
Alex Oliveira,1038.42
Cathal Pendred,1038.33
Vinc Pichel,1038.27
Terrance McKinney,1038.26
Dennis Siver,1038.2
Marvin Vettori,1038.19
Alexis Davis,1038.17
Jake O'Brien,1037.95
Edimilson Souza,1037.86
Mario Pinto,1037.77
Alex Hunter,1037.77
David Martinez,1037.71
Elijah Smith,1037.71
Mark Madsen,1037.71
Alex Perez,1037.7
Phillip Miller,1037.68
Jussier Formiga,1037.62
Adlan Amagov,1037.55
Holly Holm,1037.51
Dan Hardy,1037.5
Takeya Mizugaki,1037.47
Jalin Turner,1037.46
Mohammed Usman,1037.42
Michael Page,1037.02
Oumar Sy,1036.87
Ross Pearson,1036.87
Wang Cong,1036.75
Chris Cariaso,1036.52
Dean Lister,1036.26
Makhmud Muradov,1036.24
Alan Belcher,1036.13
Patrick Smith,1036.11
Fatima Kline,1035.47
Magnus Cedenblad,1035.39
Karl Williams,1035.32
Nicolae Negumereanu,1035.25
Jesus Aguilar,1035.14
Mizuki,1035.06
Ramazan Emeev,1035.02
Alexander Hernandez,1034.8
Victor Henry,1034.62
Alatengheili,1034.6
Anthony Pettis,1034.54
Dustin Jacoby,1034.46
Claude Patrick,1034.39
Sean Pierson,1034.34
Andre Fili,1034.31
Luana Carolina,1034.24
Nikita Krylov,1034.19
Ali Bagautinov,1034.19
Constantinos Philippou,1033.96
Shawn Jordan,1033.9
Cody Stamann,1033.6
Jean Matsumoto,1033.56
Ilir Latifi,1033.1
Joselyne Edwards,1032.79
Viscardi Andrade,1032.77
Luis Pena,1032.61
Talita Alencar,1032.48
John Makdessi,1032.44
Kaue Fernandes,1032.32
Aleksandar Rakic,1031.98
Thiago Moises,1031.79
Kennedy Nzechukwu,1031.54
Jaqueline Amorim,1031.36
Modestas Bukauskas,1031.36
Jared Cannonier,1031.3
Marc Diakiese,1031.22
Claudia Gadelha,1030.98
Joe Solecki,1030.85
Arjan Bhullar,1030.83
Jamey-Lyn Horth,1030.8
Tim Means,1030.64
Aleksei Oleinik,1030.59
Esteban Ribovics,1030.48
Billy Quarantillo,1030.16
Punahele Soriano,1030.08
Johnny Walker,1030.07
Amir Sadollah,1030.06
Dooho Choi,1029.67
Khalil Rountree Jr.,1029.65
Trevin Giles,1029.51
Alan Patrick,1029.28
Jimmy Crute,1029.12
Darren Till,1028.99
Michal Oleksiejczuk,1028.93
Scott Holtzman,1028.93
Ray Borg,1028.92
Mike Pyle,1028.91
Brady Hiestand,1028.9
Wilson Reis,1028.86
Marina Rodriguez,1028.73
Brad Riddell,1028.54
Renato Sobral,1028.43
Volkan Oezdemir,1028.37
Antonio Carlos Junior,1028.35
Ronny Markes,1028.14
Michael Trizano,1027.59
Phil Hawes,1027.49
Irene Aldana,1027.4
Aspen Ladd,1027.28
Cole Miller,1027.25
Kurt Pellegrino,1027.11
Kevin Randleman,1026.92
Anthony Smith,1026.9
Yazmin Jauregui,1026.87
Clint Hester,1026.86
Philipe Lins,1026.71
Kajan Johnson,1026.7
Christian Rodriguez,1026.47
Song Kenan,1026.47
Makwan Amirkhani,1026.43
Nora Cornolle,1026.2
Paul Kelly,1026.17
Remco Pardoel,1026.04
Carlston Harris,1025.92
Jose Quinonez,1025.92
Gerard Gordeau,1025.89
Jonathan Pearce,1025.78
Manny Bermudez,1025.78
Zach Reese,1025.76
Dan Henderson,1025.69
Tim Kennedy,1025.54
Davi Ramos,1025.45
Mateusz Rebecki,1025.41
Ian Freeman,1025.33
HyunSung Park,1025.03
Tyson Pedro,1024.85
Claudio Puelles,1024.75
Augusto Sakai,1024.61
Gerald Meerschaert,1024.53
Javid Basharat,1024.38
Tim Credeur,1024.37
Curtis Millender,1024.34
Adam Wieczorek,1024.27
John Howard,1024.19
Wilson Gouveia,1024.19
Steven Siler,1024.05
Kiichi Kunimoto,1023.81
Drew Dober,1023.73
Jacob Volkmann,1023.52
Wang Guan,1023.51
Bea Malecki,1023.5
Charles Johnson,1023.42
Roy Nelson,1023.4
Miles Johns,1023.39
Douglas Silva de Andrade,1023.33
Ildemar Alcantara,1023.26
Hyder Amil,1023.1
Stephan Bonnar,1023.07
Paul Sass,1022.93
Cynthia Calvillo,1022.92
Brian Foster,1022.86
Scott Adams,1022.75
Da'Mon Blackshear,1022.59
Jake Ellenberger,1022.44
Stephanie Luciano,1022.17
Azamat Bekoev,1022.17
Daron Cruickshank,1022.15
Pedro Munhoz,1022.12
Joe Stevenson,1022.06
Ebenezer Fontes Braga,1022.03
Michael Johnson,1022.02
Josefine Knutsson,1021.97
Danny Castillo,1021.95
Juan Espino,1021.94
Magomed Mustafaev,1021.85
Mikey Burnett,1021.79
Luke Rockhold,1021.62
CB Dollaway,1021.6
Eddie Alvarez,1021.58
Mark Hall,1021.51
Shamil Gaziev,1021.43
Steve Erceg,1021.33
Jhonata Diniz,1021.22
Felipe Lima,1021.22
Daria Zhelezniakova,1021.22
Johnny Rhodes,1021.2
Din Thomas,1021.17
Timothy Johnson,1021.16
ChangHo Lee,1021.15
Lone'er Kavanagh,1021.15
Ramiz Brahimaj,1021.12
Malcolm Wellmaker,1021.08
Terry Etim,1021.03
Lee Murray,1020.93
Rafael Natal,1020.9
Brock Lesnar,1020.55
Jeff Monson,1020.55
Tai Tuivasa,1020.54
Montana De La Rosa,1020.3
Mark Schultz,1020.22
Ronaldo Rodriguez,1020.07
Cezary Oleksiejczuk,1020.0
Yaroslav Amosov,1020.0
Steven Asplund,1020.0
Guilherme Pat,1020.0
Iwo Baraniewski,1020.0
Luke Riley,1020.0
Abdul Rakhman Yakhyaev,1020.0
Denzel Freeman,1020.0
Ethyn Ewing,1020.0
Josh Hokit,1020.0
Donte Johnson,1020.0
Yousri Belgaroui,1020.0
Bia Mesquita,1020.0
Jakub Wiklacz,1020.0
Cam Rowston,1020.0
Michelle Montague,1020.0
Brando Pericic,1020.0
Santiago Luna,1020.0
Alden Coria,1020.0
Daniil Donchenko,1020.0
Axel Sola,1020.0
Taiyilake Nueraji,1020.0
Islam Dulatov,1020.0
Jonathan Micallef,1020.0
DongHun Choi,1020.0
Shi Ming,1020.0
Cody Haddon,1020.0
Jonny Parsons,1020.0
Khalid Murtazaliev,1020.0
Dmitry Sosnovskiy,1020.0
Abdul-Kerim Edilov,1020.0
Javier Vazquez,1020.0
Maiquel Falcao,1020.0
Logan Clark,1020.0
Tom Murphy,1020.0
Jonathan Wiezorek,1020.0
Mark Hughes,1020.0
Tyrone Roberts,1020.0
Ikuhisa Minowa,1020.0
Marcelo Mello,1020.0
Sione Latu,1020.0
Tulio Palhares,1020.0
Cesar Marscucci,1020.0
Yoshiki Takahashi,1020.0
Justin Martin,1020.0
Rafael Carino,1020.0
Onassis Parungao,1020.0
Jon Hess,1020.0
Frank Hamaker,1020.0
Marco Tulio,1019.93
Rich Attonito,1019.84
Andre Roberts,1019.82
Brendan Schaub,1019.77
Danny Silva,1019.74
Taila Santos,1019.74
Ramsey Nijem,1019.73
Che Mills,1019.67
Mark Hunt,1019.65
Luis Saldana,1019.62
Scott Ferrozzo,1019.58
Mason Jones,1019.57
Joseph Morales,1019.55
Maurice Smith,1019.49
Ben Earwood,1019.48
Ben Nguyen,1019.38
Steve Bosse,1019.37
Elias Silverio,1019.3
Themba Gorimbo,1019.25
Nick Diaz,1019.25
Jafel Filho,1019.1
Abus Magomedov,1019.01
Carli Judice,1018.98
Jimi Manuwa,1018.97
Jose Delgado,1018.92
Torrez Finney,1018.92
Charlie Campbell,1018.91
Calvin Kattar,1018.79
Kenichi Yamamoto,1018.78
Tom Lawlor,1018.77
Enson Inoue,1018.73
Rafa Garcia,1018.68
Jacob Malkoun,1018.59
Ben Rothwell,1018.5
Steve Nelmark,1018.48
Uriah Hall,1018.38
Gabriella Fernandes,1018.28
Niko Price,1018.28
Ronnie Lawrence,1018.18
Viviane Araujo,1018.17
Caio Magalhaes,1018.17
Desmond Green,1018.06
Royston Wee,1018.05
Yves Edwards,1018.01
Sara McMann,1017.94
Steve Jennum,1017.76
Trey Waters,1017.72
Kazushi Sakuraba,1017.71
Sanae Kikuta,1017.64
Melissa Gatto,1017.46
Gavin Tucker,1017.46
Marco Beltran,1017.43
Frankie Saenz,1017.33
Melsik Baghdasaryan,1017.32
Aliaskhab Khizriev,1017.26
Thomas Almeida,1017.22
David Terrell,1017.16
Paul Daley,1017.14
Brad Blackburn,1017.12
Lucas Martins,1017.11
Robert Peralta,1017.06
Timur Valiev,1016.94
Bob Cook,1016.94
Josh Samman,1016.89
Ron Waterman,1016.88
Tom Duquesnoy,1016.87
Montse Rendon,1016.81
Sergey Khandozhko,1016.81
Billy Elekana,1016.69
Genki Sudo,1016.52
Rodrigo Nascimento,1016.47
Hermes Franca,1016.43
Akira Corassani,1016.41
Jake Shields,1016.27
Soa Palelei,1016.15
Saidyokub Kakhramonov,1016.09
Ismail Naurdiev,1016.07
Pablo Garza,1015.98
Clay Guida,1015.93
Cesar Almeida,1015.86
Rob Emerson,1015.77
Chidi Njokuani,1015.64
Mickey Gall,1015.62
Sergey Morozov,1015.54
Mike Kyle,1015.54
Alex Garcia,1015.45
Yana Santos,1015.22
Paddy Holohan,1015.22
Jorge Rivera,1015.19
Marcus Brimage,1015.16
Brock Larson,1015.1
Drew Fickett,1015.09
Joe Duffy,1015.07
Hamdy Abdelwahab,1014.97
Erik Koch,1014.92
Paige VanZant,1014.9
Carlos Condit,1014.78
Carlos Felipe,1014.75
Gary Goodridge,1014.66
Chris Daukaus,1014.6
Aisling Daly,1014.59
Brian Stann,1014.54
Ed Herman,1014.5
Kyle Noke,1014.46
Roman Kopylov,1014.43
James Te Huna,1014.02
Bryan Barberena,1013.73
Shonie Carter,1013.7
Court McGee,1013.59
Serhiy Sidey,1013.37
Leslie Smith,1013.35
Tanner Boser,1013.19
Tim Boetsch,1013.08
Ricardo Almeida,1013.04
Matt Serra,1012.83
Jason Lambert,1012.76
Hugo Viana,1012.57
Evan Elder,1012.21
Jordan Mein,1012.01
Miesha Tate,1011.44
Jamall Emmers,1011.36
Marco Polo Reyes,1011.27
Gabe Green,1011.16
Seth Baczynski,1011.07
Liz Carmouche,1010.9
Elves Brener,1010.62
Nick Hein,1010.5
Joanne Wood,1010.47
Molly McCann,1010.43
Viviane Pereira,1010.41
Danny Roberts,1010.31
Sumudaerji,1010.21
Chris Camozzi,1010.19
Luke Barnatt,1009.93
Todd Duffee,1009.85
Yanal Ashmouz,1009.8
Davey Grant,1009.76
Nate Landwehr,1009.69
Cameron Saaiman,1009.59
Paul Craig,1009.52
Misha Cirkunov,1009.31
Keith Jardine,1009.1
Miguel Torres,1009.0
Jason Saggo,1008.76
Maryna Moroz,1008.72
Rich Clementi,1008.72
Albert Duraev,1008.7
Paul Jones,1008.57
Nina Nunes,1008.49
David Dvorak,1008.45
Lyman Good,1008.45
Marcio Cruz,1008.44
Shayilan Nuerdanbieke,1008.33
John Castaneda,1008.31
Maurice Greene,1008.3
Nicholas Musoke,1008.29
Valerie Letourneau,1008.19
Rony Jason,1008.02
Da Woon Jung,1007.96
Zhang Lipeng,1007.8
Kevin Jackson,1007.43
Devonte Smith,1007.41
Wesley Correira,1007.35
Nick Maximov,1007.26
Brian Kelleher,1007.05
Charles Jourdain,1007.02
Viktoriia Dudakova,1007.01
Bolaji Oki,1007.0
Joe Charles,1006.94
Tony DeSouza,1006.91
Ben Saunders,1006.84
Danilo Marques,1006.8
Jason DeLucia,1006.8
Guangyou Ning,1006.65
Andrew Sanchez,1006.57
Dave Beneteau,1006.57
Felicia Spencer,1006.54
Cody Durden,1006.49
Steven Graham,1006.26
Josiane Nunes,1006.24
Damon Jackson,1006.24
Paul Buentello,1006.23
Anying Wang,1006.1
Vanessa Demopoulos,1005.89
Tsuyoshi Kohsaka,1005.72
Igor Araujo,1005.54
Clayton Carpenter,1005.4
David Abbott,1005.31
Louis Smolka,1005.04
Roberto Traven,1004.95
Ian McCall,1004.94
Livinha Souza,1004.82
Roland Delorme,1004.81
Gan McGee,1004.78
Paul Varelans,1004.69
Felice Herrig,1004.67
Jarred Brooks,1004.6
Darren Uyenoyama,1004.58
Chance Rencountre,1004.53
Dave Strasser,1004.47
JeongYeong Lee,1004.45
Fernando Padilla,1004.45
Gabriel Santos,1004.43
Brian Bowles,1004.38
Alfonso Alcarez,1004.36
Chris Kelades,1004.27
Rei Tsuruya,1004.14
Julia Avila,1004.14
Cyrille Diabate,1004.14
Morgan Charriere,1004.1
Jimy Hettes,1004.03
Bartosz Fabinski,1003.98
Sam Adkins,1003.95
Aleksei Kunchenko,1003.92
Chris Clements,1003.82
Julian Erosa,1003.75
Tomasz Drwal,1003.74
Justin McCully,1003.63
Cung Le,1003.6
Patrick Cummins,1003.59
Buddy Roberts,1003.57
Nah-Shon Burrell,1003.5
Falaniko Vitale,1003.49
Mike van Arsdale,1003.48
Loik Radzhabov,1003.47
Dan Miller,1003.47
Marlon Moraes,1003.45
Lance Gibson,1003.43
Tainara Lisboa,1003.31
Kevin Jousset,1003.31
Mayra Bueno Silva,1003.3
Nikolas Motta,1003.3
Dan Bobish,1003.25
Eryk Anders,1003.24
Sijara Eubanks,1003.21
Cory McKenna,1003.19
Armen Petrosyan,1003.07
Jonathan Meunier,1003.07
Danny Barlow,1003.04
Kevin Ferguson,1003.01
Juliana Miller,1003.0
Pingyuan Liu,1002.95
Diego Nunes,1002.9
Sam Alvey,1002.88
Aleksandra Albu,1002.87
Roman Mitichyan,1002.87
Jutaro Nakao,1002.75
Keith Hackney,1002.75
Shinsho Anzai,1002.71
Edgar Chairez,1002.69
Amaury Bitetti,1002.56
Danny Henry,1002.53
Dione Barbosa,1002.47
Jennifer Maia,1002.47
Gokhan Saki,1002.47
Rory Singer,1002.47
John Lewis,1002.46
Eddie Sanchez,1002.4
Bill Algeo,1002.38
Eliot Marshall,1002.37
Scott Morris,1002.35
Rodolfo Bellato,1002.29
Brian Melancon,1002.26
Ante Delija,1002.23
Zak Ottow,1002.23
Tiago dos Santos e Silva,1002.22
Trevor Prangley,1002.22
Jamie Mullarkey,1002.13
Benardo Sopaj,1002.11
Impa Kasanganay,1002.1
Kevin Burns,1002.09
Nad Narimani,1002.07
Diego Rivas,1002.03
Pedro Nobre,1002.0
Nick Ring,1001.97
Bethe Correia,1001.86
Semmy Schilt,1001.86
Jamal Pogues,1001.85
Tony Gravely,1001.82
Troy Mandaloniz,1001.72
Tedd Williams,1001.72
Megan Anderson,1001.67
Andrei Semenov,1001.61
Natan Levy,1001.54
TJ Waldburger,1001.47
Duane Ludwig,1001.47
Patrick Walsh,1001.45
Nick Sanzo,1001.45
Dan Cramer,1001.43
Brianna Fortino,1001.4
Hector Sandoval,1001.4
James Wilks,1001.37
Benji Radach,1001.37
Waylon Lowe,1001.26
Austin Vanderford,1001.22
Lance Benoist,1001.22
Melissa Croden,1001.15
Phil Rowe,1001.15
JooSang Yoo,1001.15
Andreas Gustafsson,1001.15
Tallison Teixeira,1001.15
Bruno Lopes,1001.15
Andre Ewell,1001.15
Joe Slick,1001.15
Dwayne Cason,1001.15
Andrey Pulyaev,1001.08
Victor Hugo,1001.08
Shamil Gamzatov,1001.08
Jose Torres,1001.07
Lauren Murphy,1001.04
Felipe Arantes,1000.95
Fredy Serrano,1000.9
Alex Caceres,1000.87
John Gunther,1000.86
Aoriqileng,1000.83
Dan Christison,1000.79
Abdul Razak Alhassan,1000.76
Kyle Watson,1000.75
Dustin Hazelett,1000.72
Shane Nelson,1000.7
Antoni Hardonk,1000.65
Mana Martinez,1000.63
Isaac Dulgarian,1000.6
Orlando Wiet,1000.37
Jesse Taylor,1000.33
Magomed Gadzhiyasulov,1000.31
Gaston Bolanos,1000.25
Mike Ciesnolevicz,1000.23
Joe Proctor,1000.21
Scott Bessac,1000.19
Mike Nickels,1000.1
Joe Ellenberger,1000.09
Karolina Kowalkiewicz,1000.08
Colby Thicknesse,1000.0
Uran Satybaldiev,1000.0
Ozzy Diaz,1000.0
CJ Fernandes,1000.0
Katsuhisa Fujii,1000.0
Melissa Mullins,999.99
Nicco Montano,999.95
Trey Ogden,999.84
Sirwan Kakai,999.83
Naoki Inoue,999.77
Tai Bowden,999.77
Daniel Zellhuber,999.71
Shauna Bannon,999.64
Francimar Barroso,999.62
Jesus Pinedo,999.59
Benito Lopez,999.57
Pascal Krauss,999.51
Mackens Semerzier,999.47
Galore Bofando,999.3
War Machine,999.23
Mounir Lazzez,999.21
Nick Denis,999.15
Hunter Azure,999.13
Nate Loughran,999.05
Puja Tomar,998.98
Levan Makashvili,998.97
Mark Robinson,998.95
Matheus Camilo,998.85
Djorden Santos,998.85
Gauge Young,998.85
Patricio Freire,998.85
Jack Nilson,998.85
Geza Kalman,998.85
Matthew Semelsberger,998.78
Gabriel Benitez,998.77
Robert Drysdale,998.77
Tony Fryklund,998.68
Ron Faircloth,998.67
Nick Catone,998.65
Lavar Johnson,998.62
DeAnna Bennett,998.59
Antonio Rodrigo Nogueira,998.56
Luke Jumeau,998.53
Antonio Carvalho,998.53
Jeremy Stephens,998.46
Shamil Abdurakhimov,998.41
Noad Lahat,998.38
Junie Browning,998.31
Parker Porter,998.28
Jason MacDonald,998.26
Todd Medina,998.11
Ivan Jorge,998.06
Sai Wang,998.04
Tatsuya Kawajiri,998.0
Julius Walker,997.9
Steven Nguyen,997.89
Nick Thompson,997.81
Julia Polastri,997.77
Michael Aswell Jr.,997.71
Carlos Vera,997.7
Ariane Carnelossi,997.65
Siyar Bahadurzada,997.64
Joe Moreira,997.63
Keith Rockel,997.58
Mitch Gagnon,997.52
Ricardo Abreu,997.37
Rongzhu,997.32
Leah Letson,996.99
Sam Hoger,996.96
Cat Zingano,996.94
Mark Godbeer,996.86
Brad Katona,996.84
Justin Scoggins,996.79
Austin Bashi,996.77
Marcelo Guimaraes,996.74
Roosevelt Roberts,996.7
Caolan Loughran,996.65
Lucas Rocha,996.64
Ernesta Kareckaite,996.64
Klaudia Sygula,996.62
Carlos Newton,996.6
Ryan Janes,996.53
Eddie Yagin,996.48
Mike Wilkinson,996.4
Mark Hominick,996.24
Ricky Turcios,995.98
Chael Sonnen,995.92
Francisco Figueiredo,995.8
Sam Hughes,995.71
Jonathan Brookins,995.65
Juliana Lima,995.6
Robert Bryczek,995.49
Ken Stone,995.41
David Loiseau,995.36
Abubakar Nurmagomedov,995.17
Jeremy Horn,995.05
Yves Jabouin,994.9
Jason Knight,994.87
Brad Kohler,994.82
Alice Ardelean,994.73
Mauricio Rua,994.6
Tony Kelley,994.59
Roan Carneiro,994.48
Valmir Lazaro,994.34
Anthony Torres,994.27
Omar Morales,994.14
Josh Culibao,993.98
Cheyanne Vlismas,993.97
Travis Fulton,993.87
Jarjis Danho,993.63
Muin Gafurov,993.62
Matt Frevola,993.51
Kyle Kingsbury,993.34
Luana Pinheiro,993.19
Timmy Cuamba,992.72
Johnny Bedford,992.66
Andrew Holbrook,992.47
Ivan Salaverry,992.47
Pete Spratt,992.21
Matt Schnell,992.12
Mike Perry,991.98
Rodrigo Damm,991.88
Rogerio Nogueira,991.84
Sultan Aliev,991.82
David Heath,991.71
Kyle Daukaus,991.56
Poliana Botelho,991.47
Mike Easton,991.4
Justin Ledet,991.33
Philip De Fries,991.26
Daniel Omielanczuk,991.21
Issei Tamura,991.16
Tristan Connelly,991.01
Jessica-Rose Clark,990.91
Ian Heinisch,990.91
Kalib Starnes,990.82
Clifford Starks,990.55
Marion Reneau,990.48
Antonina Shevchenko,990.46
Sedriques Dumas,990.37
Jon Tuck,990.34
Leandro Silva,990.32
Andrew Craig,990.32
Adam Milstead,990.31
Michinori Tanaka,990.3
Josh Thomson,990.29
Erick Silva,990.26
Robert McDaniel,990.13
Lorenz Larkin,990.09
Will Chope,990.05
Zach Makovsky,990.03
Ian Loveland,989.96
Ben Alloway,989.93
Devin Clark,989.88
Greg Hardy,989.86
Gustavo Lopez,989.85
Austin Lingo,989.81
Hyun Gyu Lim,989.62
Chico Camus,989.55
Pannie Kianzad,989.52
Chris Gruetzemacher,989.42
Nick Osipczak,989.29
Chelsea Chandler,989.27
Tereza Bleda,989.04
Jess Liaudin,988.95
Bruno Silva,988.82
Bojan Velickovic,988.8
Ismael Bonfim,988.74
Pawel Pawlak,988.59
Sabina Mazo,988.56
Danielle Taylor,988.56
David Branch,988.48
Mirko Filipovic,988.46
Rogerio Bontorin,988.42
Jesse Lennox,988.4
Jason Brilz,988.38
Christos Giagos,988.36
Miguel Baeza,988.33
Jason Day,988.17
Art Jimmerson,988.05
Batgerel Danaa,988.03
Sarah Kaufman,988.03
Sheymon Moraes,987.96
Sam Stout,987.89
Katsunori Kikuno,987.85
Stephanie Egger,987.83
Ange Loosa,987.72
Augusto Montano,987.72
Adam Fugitt,987.66
Maxim Grishin,987.5
Hayato Sakurai,987.46
Augusto Mendes,987.39
Oskar Piechota,987.37
Marcelo Aguiar,987.12
Bruna Brasil,987.09
Noe Hernandez,987.07
Pete Rodriguez,987.04
Luigi Fioravanti,987.02
Christian Wellisch,987.0
Geraldo de Freitas,986.99
Yuki Kondo,986.97
Francis Marshall,986.9
Dylan Andrews,986.86
Justin Salas,986.77
Khama Worthy,986.75
Jesse Bongfeldt,986.65
Carlos Hernandez,986.58
Eugene Jackson,986.53
Yuta Sasaki,986.47
Alex Karalexis,986.45
Yoshiyuki Yoshida,986.44
Chris Brennan,986.41
Anthony Macias,986.39
David Baron,986.37
Ivan Menjivar,986.34
Rob Kimmons,986.34
Mads Burnell,986.33
Justin Lawrence,986.33
Masanori Kanehara,986.31
Chris Cope,986.27
Karl Roberson,986.21
Tony Halme,986.19
Thomas Ramirez,986.18
Akihiro Gono,986.13
Elise Reed,986.1
Glaico Franca Moreira,986.05
Garrett Armfield,985.99
Bharat Kandare,985.98
Minoki Ichihara,985.96
Lara Procopio,985.94
Junior Assuncao,985.93
David Michaud,985.82
Hector Urbina,985.78
Trevor Peek,985.71
Drew McFedries,985.69
Guram Kutateladze,985.63
Jon Manley,985.61
Ibo Aslan,985.59
Ramon Taveras,985.55
Felipe Bunes,985.54
Christian Aguilera,985.46
KJ Noons,985.44
Fabio Maldonado,985.23
Felipe Silva,985.16
Jake Hadley,985.06
Danyelle Wolf,985.04
Chris Sanford,985.0
Delson Heleno,984.97
William Knight,984.92
Kit Cope,984.92
Renato Verissimo,984.92
Dustin Kimura,984.86
Francisco Trevino,984.78
Tyler Diamond,984.71
Erick Montano,984.7
Ian Entwistle,984.69
Thiago Perpetuo,984.69
Stanislav Nedkov,984.68
Carlo Prater,984.68
Bruno Santos,984.57
Marcus Bossett,984.57
Allen Crowder,984.54
Yan Cabral,984.51
Robelis Despaigne,984.41
Matt Arroyo,984.39
Darrel Gholar,984.3
Raphael Pessoa,984.29
Tom Egan,984.29
Sean McCorkle,984.26
Anshul Jubli,984.21
Cristian Quinonez,984.2
Kanako Murata,984.2
Chris Beal,984.18
Aaron Brink,984.15
Kai Kamaka,984.12
Kyle Nelson,984.1
Neil Seery,984.1
David Bielkheden,984.04
Masio Fullen,984.01
Wes Albritton,984.0
Tae Hyun Bang,983.97
Felipe Olivieri,983.95
Klidson Abreu,983.91
Shamar Bailey,983.91
Milana Dudieva,983.85
Veronica Hardy,983.83
Paul Taylor,983.82
Jim Alers,983.78
James McSweeney,983.78
Martin Svensson,983.69
Alex Schoenauer,983.69
Godofredo Pepey,983.67
Floyd Sword,983.62
Cody Brundage,983.61
Denis Kang,983.61
Jordan Rinaldi,983.6
Brian Gassaway,983.6
Chris Saunders,983.58
Igor Zinoviev,983.53
Derrick Noble,983.49
David Velasquez,983.44
Harold Howard,983.4
Nathan Fletcher,983.38
Tamdan McCrory,983.36
Billy Ray Goff,983.31
Jake Hecht,983.28
Melissa Martinez,983.27
Reza Madadi,983.25
Ketlen Souza,983.24
Rory Markham,983.2
Igor Severino,983.17
Alex Gorgees,983.12
Zviad Lazishvili,983.11
Heath Herring,983.11
Vitor Miranda,983.07
Antonio Braga Neto,983.03
Vernon White,983.03
Lodune Sincaid,983.0
Daichi Abe,982.99
Marcus Jones,982.99
Kamuela Kirk,982.98
Tom Gallicchio,982.96
Jason Thacker,982.95
Rocky Lee,982.93
Matt Veach,982.93
Ottman Azaitar,982.91
Jonathan Goulet,982.85
Billy Miles,982.85
Shunichi Shimizu,982.8
Robert Whiteford,982.79
Rameau Thierry Sokoudjou,982.76
Askar Mozharov,982.74
Ernie Verdicia,982.73
Jason Fairn,982.73
Dennis Hallman,982.72
Joao Pierini,982.72
Brian Geraghty,982.7
Bruno Korea,982.69
Rex Holman,982.67
Homer Moore,982.66
Cole Smith,982.63
Danny Chavez,982.61
Joey Gilbert,982.57
Carlos Eduardo Rocha,982.54
Tony Sims,982.53
Reginaldo Vieira,982.5
Fabio Gurgel,982.5
Dante Rivera,982.49
Shannon Gugerty,982.46
Joao Roque,982.45
Justine Kish,982.42
Cameron Smotherman,982.36
Hans Stringer,982.36
Tim McKenzie,982.36
Ray Wizard,982.34
Bogdan Grad,982.29
Marcus Silveira,982.29
James Mulheron,982.27
Matt Hobar,982.27
Sasha Palatnikov,982.26
Bekzat Almakhan,982.24
Baergeng Jieleyisi,982.23
Josh Stuart,982.23
Justin Wren,982.22
Blake Bilder,982.21
Gil Castillo,982.21
George Sullivan,982.19
Eric McConico,982.17
Charles McCarthy,982.17
Rick Davis,982.17
Mitch Raposo,982.16
Daniel Barez,982.16
Kaan Ofli,982.15
Bill Mahood,982.14
Spike Carlyle,982.13
Rob Broughton,982.12
Sheldon Westcott,982.1
Shane Primm,982.1
Jeff Joslin,982.07
Mark Weir,982.05
Eduardo Garagorri,982.04
Jorge Patino,982.01
Tuco Tokkos,981.99
Nathan Coy,981.94
Riki Fukuda,981.89
Dale Hartt,981.84
Joshua Weems,981.82
John Maguire,981.8
Ion Cutelaba,981.79
Efrain Escudero,981.78
Steve Vigneault,981.75
Per Eklund,981.71
Nate Schroeder,981.71
John Dowdy,981.69
Branden Lee Hinkle,981.68
Roger Narvaez,981.66
Hacran Dias,981.61
Alexander Munoz,981.56
Anton Kuivanen,981.55
Jeff Hougland,981.49
Dustin Neace,981.49
Rainy Martinez,981.45
John Lober,981.44
Ron van Clief,981.44
Marcos Vinicius,981.43
Joe Merritt,981.37
Luke Zachrich,981.34
Nissen Osterneck,981.3
Brok Weaver,981.28
Brandon Melendez,981.28
Mickael Lebout,981.27
Hatsu Hioki,981.26
Abu Azaitar,981.25
Nazareno Malegarie,981.24
Xiao Long,981.22
Carlos Leal,981.22
Rolando Delgado,981.22
Jack McGlaughlin,981.22
Antonio McKee,981.19
Emily Ducote,981.18
Bassil Hafez,981.17
Eric Nolan,981.15
Alibi Idiris,981.15
Tofiq Musayev,981.15
Yuneisy Duben,981.15
Kody Steele,981.15
Marcus LeVesseur,981.15
Frank Caracci,981.15
Greg Stott,981.15
Ben Sosoli,981.14
Mike King,981.12
Heather Clark,981.1
Kristof Midoux,981.09
Jose Ochoa,981.08
Henry Martinez,981.08
James Zikic,981.08
Chris Spang,981.07
Josh Stansbury,981.05
Nick Roehrick,981.04
Thomas Petersen,981.0
Andre Pederneiras,980.92
Alexandre Barros,980.91
Johnny Eduardo,980.85
Austin Springer,980.83
Richie Smullen,980.77
Chris Haseman,980.74
Kevin Rosier,980.73
Yoshinori Horie,980.68
Tina Lahdemaki,980.67
Khusein Askhabov,980.66
Paul Creighton,980.51
Joe Giannetti,980.46
Eddie Ruiz,980.45
Brian Cobb,980.44
Andy Wang,980.44
Alberta Cerra Leon,980.37
Teila Tuli,980.36
Allan Goes,980.35
Ernest Chavez,980.34
Roger Gracie,980.34
SeungGuk Choi,980.31
Milton Vieira,980.31
Sean Alvarez,980.3
Cale Yarbrough,980.27
Tom Blackledge,980.26
Steve Bruno,980.26
Joe Jordan,980.24
Ivan Serati,980.23
Alessandro Costa,980.21
Duda Santana,980.21
Neil Wain,980.21
Roger Zapata,980.18
Ryan Loder,980.13
Chris Tickle,980.13
Justin Frazier,980.12
Leandro Issa,980.12
Eugenio Tadeu,980.11
David Levicki,980.07
Christina Marks,980.02
Marcus Buchecha,980.0
Lance Gibson Jr.,980.0
Isaac Thomson,980.0
Allen Frye Jr.,980.0
Saygid Izagakhmaev,980.0
Shem Rock,980.0
Marek Bujlo,980.0
Max Gimenis,980.0
Kevin Christian,980.0
Louie Sutherland,980.0
Tre'ston Vines,980.0
Elisha Ellison,980.0
Alice Pereira,980.0
Rodrigo Sezinando,980.0
Robert Ruchala,980.0
Harry Hardwick,980.0
Aaron Pico,980.0
John Yannis,980.0
Rizvan Kuniev,980.0
Mark Choinski,980.0
Kiru Sahota,980.0
Feng Xiaocan,980.0
Adam Yandiev,980.0
Steve Byrnes,980.0
Icho Larenas,980.0
Wade Shipp,980.0
Chris Liguori,980.0
Alex Stiebling,980.0
Alex Andrade,980.0
Satoshi Honma,980.0
David Roberts,980.0
Joey Roberts,980.0
Adriano Santos,980.0
Paulo Santos,980.0
Carlos Barreto,980.0
Yuri Vaulin,980.0
Saeed Hosseini,980.0
Wallid Ismail,980.0
Eric Martin,980.0
Dieusel Berto,980.0
Matt Andersen,980.0
Francesco Maturi,980.0
Rudyard Moncayo,980.0
Andy Anderson,980.0
Thaddeus Luster,980.0
Jamie Yager,979.99
Ron Stallings,979.96
Josh Shockman,979.94
Yuki Sasaki,979.93
Marcel Fortuna,979.89
Dave Galera,979.88
Jorge Gurgel,979.86
Raulian Paiva,979.83
James Giboo,979.82
Mike Jackson,979.81
Chris Condo,979.81
Angel Pacheco,979.8
Keith Berish,979.8
Kelly Dullanty,979.8
Leigh Remedios,979.79
Richard Crunkilton,979.78
Fredson Paixao,979.75
Justin James,979.75
Robert Sanchez,979.74
Stephen Bass,979.7
John Cholish,979.67
Paul Herrera,979.67
Josh Bryant,979.66
Fabiano Iha,979.66
Yancy Medeiros,979.64
Bibulatov Magomed,979.63
Brad Gumm,979.61
John Teixeira,979.55
Cody McKenzie,979.53
Isabela de Padua,979.51
John Salter,979.43
Jesse Sanders,979.41
James Hammortree,979.4
Collin Hart,979.39
Steven Koslow,979.36
Luke Cummo,979.36
Solomon Hutcherson,979.35
Antonio Banuelos,979.33
Kerry Schall,979.33
Flavio Luiz Moura,979.3
Michel Batista,979.29
Keigo Kunihara,979.29
Corey Hill,979.26
Nick Agallar,979.26
Jai Herbert,979.25
Todd Butler,979.23
Niklas Backstrom,979.22
Alexandre Ferreira,979.22
Stevie Lynch,979.21
Dan Barrera,979.2
Jianping Yang,979.19
Ricardo Romero,979.18
Charlie Valencia,979.18
Asbel Cancio,979.18
Gerry Harris,979.17
Liliya Shakirova,979.16
Dmitri Stepanov,979.16
Albert Cheng,979.15
Jason Von Flue,979.13
Yizha,979.12
Koji Kitao,979.12
John Matua,979.1
Dave Berry,979.08
Romie Aram,979.05
Lewis Gonzalez,979.04
Manolo Zecchini,979.03
Jim Mullen,979.03
Keith Mielke,979.02
Marcin Wrzosek,979.01
John Campetella,979.01
Sung Bin Jo,978.99
Jermaine Andre,978.99
Joe Pardo,978.99
He-Man Gipson,978.97
Cyril Asker,978.96
Izabela Badurek,978.95
Dorian Price,978.95
Emmanuel Yarborough,978.95
Nick Serra,978.94
Guilherme Vasconcelos,978.93
James Toney,978.93
Mario Neto,978.93
Lowell Anderson,978.93
Willamy Freire,978.92
Jules Bruchez,978.92
Sean Daugherty,978.92
Rodolfo Rubio Perez,978.9
Carlos Mota,978.89
Mike Ricci,978.88
Richie Hightower,978.88
Daniel Spohn,978.87
Jackie Lee,978.87
Ryan Parker,978.86
Fred Ettish,978.86
Alvin Hines,978.85
Houston Dorr,978.85
Allan Zuniga,978.83
Bentley Syler,978.83
Sako Chivitchian,978.83
Cameron Dollar,978.83
Josh Hendricks,978.83
James Head,978.82
Maciej Jewtuszko,978.82
Sherman Pendergarst,978.82
Paul Georgieff,978.8
Robert Lucarelli,978.8
Neil Grove,978.79
David Hood,978.79
Luis Pajuelo,978.78
Abdul-Kareem Al-Selwady,978.78
Dean Barry,978.78
Cindy Dandois,978.78
Masutatsu Yano,978.78
Luan Chagas,978.77
Clay Harvison,978.76
Matt Lucas,978.75
Mark Scanlon,978.75
Rodrigo Ruas,978.74
Nyamjargal Tumendemberel,978.73
Braxton Smith,978.73
Jared Rollins,978.73
Melton Bowen,978.71
Humberto Brown Morrison,978.7
Derek Downey,978.7
Donnie Chappell,978.7
Irwin Rivera,978.67
Kristian Rothaermel,978.66
James Lee,978.6
Jay Cucciniello,978.59
Bobby Southworth,978.59
Bob Gilstrap,978.57
Brendan Loughnane,978.56
Chad Anheliger,978.54
Tafon Nchukwi,978.53
Renzo Gracie,978.52
CM Punk,978.5
Callan Potter,978.44
Jeff Newton,978.4
Adrian Serrano,978.37
Julian Sanchez,978.34
Zach Light,978.31
Anistavio Medeiros,978.29
Cory Walmsley,978.28
Orion Cosce,978.27
Nandor Guelmino,978.25
Alessio Sakara,978.24
Ronald Jhun,978.22
Gerald Strebendt,978.19
Gilbert Smith,978.18
Manuel Rodriguez,978.17
Tyler Toner,978.17
Abner Lloveras,978.14
Frank Lester,978.13
Danillo Villefort,978.08
Mike Whitehead,978.08
Filip Pejic,978.07
Deron Winn,978.05
Paul Rodriguez,978.0
Scott Baker,978.0
Jimmy Quinlan,977.98
Brad Scott,977.97
Carlo Pedersoli Jr.,977.96
Josh Rafferty,977.96
Courtney Turner,977.96
Chuck O'Neil,977.95
Eldo Xavier Dias,977.84
John Kolosci,977.83
Vaughan Lee,977.82
Scott Junk,977.82
Alex Torres,977.81
Ryan McGillivray,977.8
Darrill Schoonover,977.8
Zygimantas Ramaska,977.77
Roland Payne,977.77
Phil Johns,977.76
Ode Osbourne,977.75
Jamie Moyle,977.73
Colton Smith,977.72
John Marsh,977.72
Zachary Scroggin,977.71
Vinicius Queiroz,977.7
Dongi Yang,977.69
Ryan Madigan,977.69
Rob MacDonald,977.68
Sean Gannon,977.67
Joe Son,977.67
Jack Marshman,977.66
Wagner Campos,977.66
Tony Petarra,977.65
Maximo Blanco,977.64
John Polakowski,977.64
Cory Hendricks,977.63
Mike Wessel,977.61
Hayder Hassan,977.59
Eddie Mendez,977.56
Priscila Cachoeira,977.55
Luiz Cane,977.55
Aaron Wilkinson,977.54
Cal Worsham,977.54
Daniel Roberts,977.47
Teruto Ishihara,977.4
Martin Sano,977.34
Greg Soto,977.31
Anthony Njokuani,977.22
Nick Pace,977.21
Curt Warburton,977.21
Kenny Robertson,977.13
Vernon Ramos Ho,977.03
Piotr Hallmann,977.02
Bubba Bush,976.96
Melinda Fabian,976.94
Luis Henrique,976.89
Ben Askren,976.88
Jason High,976.87
Scott Fiedler,976.82
Adam Cella,976.79
Caros Fodor,976.78
Simeon Thoresen,976.77
Roman Bogatov,976.76
Ryan Jimmo,976.75
Yui Chul Nam,976.74
Michelle Waterson-Gomez,976.65
Peggy Morgan,976.65
Ryan Roberts,976.65
Keiichiro Yamamiya,976.64
Ariel Beck,976.63
Luan Lacerda,976.6
Maia Stevenson,976.56
Mandy Bohm,976.55
Pete Williams,976.55
Karine Gevorgyan,976.53
Rolles Gracie,976.48
Reza Nasri,976.39
Max Rohskopf,976.29
Hugo Duarte,976.09
Dusko Todorovic,976.03
Travis Lutter,976.03
Jake Rosholt,976.0
Azunna Anyanwu,975.82
Jerrod Sanders,975.82
Nadia Kassem,975.77
Charlie Brenneman,975.52
Allen Berube,975.4
Aaron Rosa,975.36
Caol Uno,974.86
Tom Niinimaki,974.82
Carmelo Marrero,974.59
CJ Vergara,974.58
Mike Rio,974.55
Alex White,974.51
Paulo Thiago,974.51
Andreas Michailidis,974.33
Dwight Grant,974.29
Maheshate,974.28
Max Griffin,974.1
Julian Marquez,974.06
Ricky Glenn,974.02
Luigi Vendramini,973.73
John Gunderson,973.56
Lucas Almeida,973.47
Yasuhiro Urushitani,973.43
Amanda Cooper,973.29
Yaotzin Meza,973.1
Dave Menne,973.04
Francisco Rivera,972.74
SeungWoo Choi,972.41
Russell Doane,972.23
Jin Soo Son,972.16
Vagner Rocha,972.15
Herbert Burns,972.13
Kron Gracie,972.06
Andre Gusmao,972.01
Valeri Ignatov,971.85
James Irvin,971.71
Gadzhimurad Antigulov,971.67
Gasan Umalatov,971.66
Trevor Smith,971.6
Marcelo Golm,971.49
Alvin Robinson,971.48
Sean Spencer,971.43
Chris Lytle,971.42
Joe Riggs,971.39
Emil Meek,971.22
Alvaro Herrera Mendoza,971.08
Blagoy Ivanov,971.03
Shane Roller,970.97
Tim Elliott,970.96
Felipe Colares,970.95
Akbarh Arreola,970.93
Henrique da Silva,970.87
Laureano Staropoli,970.81
Jason Gonzalez,970.74
Zac Pauga,970.66
Damir Hadzovic,970.63
Emily Whitmire,970.63
Edwin Figueroa,970.54
Andre Winner,970.48
Justin Tafa,970.45
Alptekin Ozkilic,970.42
Pat Barry,970.39
Sheila Gaff,970.39
Darrick Minner,970.23
DaMarques Johnson,970.18
Ansar Chalangov,970.0
Gilbert Urbina,969.93
Matt Dwyer,969.88
Andreas Stahl,969.76
Clay Collard,969.74
William Macario,969.64
Mario Miranda,969.62
Ariane da Silva,969.61
Brandon Thatch,969.61
Denis Stojnic,969.6
Leo Kuntz,969.56
Chris Wilson,969.53
Walel Watson,969.52
Jimmy Flick,969.36
Justin Eilers,969.36
Andrea Lee,969.25
Mariya Agapova,969.25
Scott Askham,969.14
Josh Fremd,969.12
Johnny Munoz,969.12
Manvel Gamburyan,969.04
Karlos Vemola,969.02
Mac Danzig,969.0
Jason Dent,968.98
Yohan Lainesse,968.88
Azat Maksum,968.87
Louis Gaudinot,968.77
Matt Sayles,968.65
Marcus Aurelio,968.56
Steven Peterson,968.46
Bobby Moffett,968.45
Tamires Vidal,968.41
Jack May,968.39
Preston Parsons,968.34
Cody Donovan,968.31
Chris Barnett,968.29
Darko Stosic,968.14
Darrell Horcher,967.99
Kuniyoshi Hironaka,967.93
Leonardo Morales,967.9
Jason Tan,967.87
Danilo Belluardo,967.85
Richard Walsh,967.79
Wagner Prado,967.75
Gabriel Miranda,967.72
Frank Trigg,967.51
Martin Bravo,967.5
Will Brooks,967.44
Brian Johnston,967.44
Jose Maria,967.41
Mike de la Torre,967.4
Kay Hansen,967.38
Shayna Baszler,967.26
James Moontasri,967.25
Yusuke Kasuya,967.23
Mike Grundy,967.15
Larissa Pacheco,967.15
Daniel Pineda,967.09
Cody East,967.07
Junior Tafa,966.98
Jarno Errens,966.96
Tor Troeng,966.94
Damian Stasiak,966.93
Julio Paulino,966.88
Vanessa Melo,966.87
Marcin Bandel,966.87
Eric Shelton,966.85
Steve Lopez,966.84
Rob Wilkinson,966.82
Zhang Tiequan,966.74
Rodrigo de Lima,966.73
Kyle Bradley,966.62
Rosi Sexton,966.61
Sean Salmon,966.45
Jason Young,966.43
Pat Schilling,966.42
Wendell Oliveira Marques,966.31
CJ Keith,966.3
Kevin Borjas,966.29
Ivana Petrovic,966.27
Moti Horenstein,966.21
Sam Sicilia,966.17
Guido Cannetti,966.13
Brad Morris,966.13
Mark Eddiva,966.09
Aleksa Camur,966.0
Micheal Gillmore,966.0
Rafael Alves,965.93
Townsend Saunders,965.92
Luke Sanders,965.89
Kevin Aguilar,965.86
Phil Harris,965.82
Ronys Torres,965.82
Dan Argueta,965.8
Renee Forte,965.78
Alan Omer,965.72
Crafton Wallace,965.71
Eric Wisely,965.7
Nate Mohr,965.67
Carlos Candelario,965.64
Landon Quinones,965.51
Houston Alexander,965.49
Mike Lullo,965.41
Westin Wilson,965.38
Kelly Faszholz,965.32
Yorgan De Castro,965.22
Felipe dos Santos,965.2
Nohelin Hernandez,965.2
Jeremy Kimball,965.13
Tucker Lutz,965.08
Brendson Ribeiro,965.07
Scott Smith,965.04
Gadzhi Omargadzhiev,964.98
Charles Rosa,964.95
Peter Barrett,964.95
Jose Johnson,964.94
Dokonjonosuke Mishima,964.92
Anthony Christodoulou,964.9
Kazuki Tokudome,964.88
Austin Arnett,964.86
Josh Quinlan,964.8
Eric Schafer,964.7
Jordan Espinosa,964.69
Jessamyn Duke,964.66
Chase Gormley,964.66
Nick Fiore,964.65
Sarah Alpar,964.58
Kazuhiro Nakamura,964.58
Irina Alekseeva,964.57
Michel Quinones,964.54
Ashlee Evans-Smith,964.48
Randa Markos,964.46
Val Woodburn,964.39
Claudio Ribeiro,964.35
Leonardo Guimaraes,964.34
AJ Cunningham,964.33
Shana Dobson,964.29
Frankie Perez,964.29
Goran Reljic,964.29
Dashon Johnson,964.28
Brandon Jenkins,964.27
Tresean Gore,964.21
Josh Clopton,964.18
Jessica Penne,964.15
Mallory Martin,964.15
Victor Martinez,964.14
Doug Evans,964.1
Travis Wiuff,964.08
Cody Pfister,964.03
Ryan MacDonald,964.02
Patrick Williams,964.0
JC Cottrell,963.99
Wagner Silva,963.97
Julie Kedzie,963.94
Cameron Else,963.93
Collin Anglin,963.92
Fabiano Scherner,963.92
Miranda Granger,963.91
Devin Powell,963.91
Alex Ricci,963.9
Angela Hill,963.86
Daniel Jolly,963.86
Ryo Chonan,963.86
Joe Veres,963.84
Juan Adams,963.74
Brian Houston,963.72
Wanderlei Silva,963.68
Azamat Gashimov,963.67
Maria Oliveira,963.66
Rin Nakai,963.63
Paul Bradley,963.6
Gabriel Silva,963.59
Craig White,963.58
Shane del Rosario,963.58
Damien Brown,963.5
Silvana Gomez Juarez,963.47
Shanna Young,963.47
Guto Inocente,963.47
Ricky Rainey,963.45
Rostem Akman,963.43
Sam Fulton,963.43
Toshiomi Kazama,963.41
Josh Copeland,963.41
Chris Price,963.41
Drako Rodriguez,963.37
Jessin Ayari,963.35
Viacheslav Borshchev,963.33
Jamie Varner,963.31
Lucio Linhares,963.26
Roger Bowling,963.23
Joey Gomez,963.22
Dan Stittgen,963.22
Victor Rodriguez,963.2
Michal Figlak,963.19
Matthew Lopez,963.19
Joshua Burkman,963.19
John Allan,963.18
Yanis Ghemmouri,963.13
Vik Grujic,963.13
Luiz Dutra,963.1
Mike Guymon,963.08
Christian Morecraft,963.07
Reese Andy,963.02
Polyana Viana,963.01
Shane Howell,962.97
Jesse Strader,962.95
Cain Carrizosa,962.89
Reuben Duran,962.86
Pat Audinwood,962.85
Hernani Perpetuo,962.84
Daniel Spitz,962.83
Anthony Lapsley,962.82
Kleydson Rodrigues,962.8
Juan Manuel Puig,962.8
Jessica Rakoczy,962.74
Bobby Hoffman,962.73
Mark Striegl,962.72
Jenel Lausa,962.71
Kazula Vargas,962.69
Steve Berger,962.68
Te Edwards,962.63
Anton Zafir,962.57
Michael Kuiper,962.57
Willie Gates,962.56
Randy Costa,962.55
Gaetano Pirrello,962.55
Rachael Ostovich,962.54
Dennis Buzukja,962.44
David Lee,962.43
Kwan Ho Kwak,962.42
Christophe Leninger,962.4
Brendan O'Reilly,962.39
Bristol Marunde,962.37
Lucas Alexander,962.35
Chris Tuchscherer,962.34
Jackson McVey,962.29
Kevin Casey,962.29
Jon Delos Reyes,962.25
Matt Van Buren,962.24
Roberto Romero,962.23
AJ Dobson,962.2
Nick Klein,962.16
Eddie Gordon,962.16
Anna Elmose,962.13
Jordan Vucenic,962.1
Nick Aguirre,962.1
Joe Soto,962.09
Gilbert Aldana,962.03
Justin Jones,962.02
Tommy Speer,961.99
Elizabeth Phillips,961.98
Roman Salazar,961.98
Liana Jojua,961.95
Ross Pointon,961.94
Alex Nicholson,961.93
Syuri Kondo,961.92
Lando Vannata,961.9
Derrick Krantz,961.83
Suman Mokhtarian,961.79
Vince Cachero,961.77
Joey Beltran,961.73
Samy Schiavo,961.72
Alexander Yakovlev,961.71
Wes Combs,961.67
Colin Fletcher,961.66
Richardson Moreira,961.63
Amar Suloev,961.62
Thomas Gifford,961.57
Chan-Mi Jeon,961.56
Brock Jardine,961.55
Tarec Saffiedine,961.49
Josh Neer,961.49
Leonardo Mafra,961.47
Kevin Jordan,961.46
Carlos Huachin,961.45
Alberto Crane,961.41
Richie Vaculik,961.33
AJ Fletcher,961.31
Victor Altamirano,961.3
Don'Tale Mayes,961.28
Sarah Frota,961.27
Hector Ramirez,961.24
Kyle Stewart,961.23
Kai Asakura,961.22
Joao Zeferino,961.21
Mehdi Baghdad,961.19
Josh Sampo,961.19
Terry Martin,961.19
John Halverson,961.18
Stewart Nicoll,961.15
Josias Musasa,961.15
Quang Le,961.15
Nicolle Caliari,961.15
Ryan Thomas,961.15
Jeff Cox,961.15
David Dodd,961.15
Anthony Birchak,961.14
Harry Moskowitz,961.14
Tim Lajcik,961.09
Jacob Kilburn,961.08
Larry Cureton,961.08
Jason Novelli,961.07
Ryan Couture,961.07
Trevin Jones,961.04
Terrence Mitchell,961.03
Carls John De Tomas,961.0
Byron Bloodworth,961.0
Michael McBride,960.99
Jason Gilliam,960.98
Ulysses Gomez,960.89
Charles Byrd,960.88
Bart Palaszewski,960.87
Chris Avila,960.81
Mats Nilsson,960.81
Hailey Cowan,960.79
Jay Silva,960.78
Chris Fishgold,960.75
Bernardo Magalhaes,960.73
Joey Gambino,960.72
Trent Jenkins,960.72
Joe Brammer,960.7
TJ Brown,960.69
Edward Faaloloto,960.68
Elvis Mutapcic,960.67
Enrique Marin,960.67
Tommy Hayden,960.66
TJ Laramie,960.51
Roger Hollett,960.5
Motonobu Tezuka,960.5
Anthony Perosh,960.4
Yosdenis Cedeno,960.39
Aalon Cruz,960.36
Marnic Mann,960.33
Dong Hyun Ma,960.32
Elias Garcia,960.32
Dan Evensen,960.28
Jonathan Wilson,960.27
Matt Horwich,960.27
Rob Yundt,960.26
Colin Robinson,960.24
Barb Honchak,960.22
Luis Ramos,960.17
Alessio Di Chirico,960.15
Steve Judson,960.09
Pedro Falcao,960.07
Bruno Souza,960.07
Bevon Lewis,960.07
Mitch Ramirez,960.06
Brendon Marotte,960.06
Mark Holst,960.03
Sean Sharaf,960.0
Daniel Frunza,960.0
Patchy Mix,960.0
Luis Gurule,960.0
Paul Redmond,959.99
Ednaldo Oliveira,959.98
Mike Breeden,959.97
Grigory Popov,959.97
Oli Thompson,959.97
Amilcar Alves,959.95
Geane Herrera,959.93
Marcos Mariano,959.82
Quinn Mulhern,959.77
Ali AlQaisi,959.7
Eiji Mitsuoka,959.7
Michael Patt,959.69
Daniel Sarafian,959.67
Dalcha Lungiambula,959.63
Alex Soto,959.61
Matt Bessette,959.59
Ashkan Mokhtarian,959.54
Steve Montgomery,959.47
Lauren Mueller,959.42
Josh Shockley,959.37
Talita Bernardo,959.36
Ericka Almeida,959.3
Ramiro Hernandez,959.3
Takashi Sato,959.27
Marcin Held,959.27
Tom DeBlass,959.27
Shane Young,959.26
James Bochnovic,959.25
Chris Dempsey,959.24
Royce Alger,959.23
Danny Downes,959.16
Patrick Cote,959.15
Josh Ferguson,959.14
Darren Stewart,959.11
Don Shainis,959.08
Christian Colombo,959.06
Jeremy Jackson,959.06
Horacio Gutierrez,959.05
Danny Mitchell,959.05
Jeka Saragih,959.04
Cristina Stanciu,959.01
Diyar Nurgozhay,958.98
Xavier Foupa-Pokam,958.97
Oliver Enkamp,958.95
Johnny Rees,958.94
Ravena Oliveira,958.92
Nikolay Veretennikov,958.92
Jesse Butler,958.92
Donny Walker,958.9
Jordan Radev,958.89
Alberto Uda,958.88
Erik Silva,958.87
Charlie Ward,958.86
Cortavious Romious,958.85
Seo Hee Ham,958.81
Mike Stumpf,958.81
Charalampos Grigoriou,958.79
Saparbeg Safarov,958.75
Ben Wall,958.7
Todd Brown,958.7
Nolan Ticman,958.66
Pearl Gonzalez,958.62
Cesar Arzamendia,958.59
Jonavin Webb,958.51
Tim Gorman,958.49
Yuri Villefort,958.48
Jason Black,958.48
Joseph Gigliotti,958.44
Danny Abbadi,958.44
Jamey Simmons,958.42
KB Bhullar,958.39
Carlton Minus,958.38
Kimo Leopoldo,958.38
Ryan Benoit,958.35
Liudvik Sholinian,958.32
Tra Telligman,958.3
Chad Griggs,958.29
Alexandre Dantas,958.23
Joseph Holmes,958.21
Lina Lansberg,958.2
Kamal Shalorus,958.13
Chris de la Rocha,958.12
Fernando Bruno,958.11
Brodie Farber,958.11
Carl Deaton,958.09
Alex Da Silva,958.08
Joachim Christensen,958.08
Yusaku Kinoshita,958.07
Peter Sobotta,958.07
Yao Zhikui,958.05
Gian Villante,958.02
Antonio Dos Santos,958.02
Ray Rodriguez,957.99
Steve Kennedy,957.97
Marcin Prachnio,957.82
Joe Vedepo,957.82
Andre Soukhamthath,957.78
TJ O'Brien,957.71
Roldan Sangcha'an,957.7
Chad Reiner,957.67
Konstantin Erokhin,957.59
Zane Frazier,957.58
Mara Romero Borella,957.54
Louis Cosce,957.5
Rolando Dy,957.46
Humberto Bandenay,957.39
Viktor Pesta,957.39
Anthony Ivy,957.36
Victoria Leonardo,957.32
Besam Yousef,957.32
Cameron VanCamp,957.28
Jorge de Oliveira,957.27
Lisa Ellis,957.25
Teemu Packalen,957.23
Koji Oishi,957.17
Luke Caudillo,957.12
Juancamilo Ronderos,957.1
David Kaplan,957.0
Jason Witt,956.97
Stefan Sekulic,956.95
Joseph Sandoval,956.95
Anderson Dos Santos,956.91
Yoislandy Izquierdo,956.87
Zarrukh Adashev,956.82
Hannah Cifers,956.81
Chris Heatherly,956.81
Steve Steinbeiss,956.81
Jason Godsey,956.81
Edilberto de Oliveira,956.76
Dileno Lopes,956.74
Victor Valimaki,956.7
Jim Wallhead,956.57
John Cofer,956.57
Antonio Mendes,956.54
Mike Brown,956.51
Andre Fialho,956.48
Cristiano Marcello,956.47
Takenori Sato,956.29
Kyle Bochniak,956.26
Domingo Pilarte,956.2
Scott Jorgensen,956.18
Curtis Stout,956.1
Kaynan Kruschewsky,956.09
Boston Salmon,956.05
Nick Penner,956.04
Brandon Wolff,955.83
Jared Hamman,955.82
Chris Indich,955.78
Cole Williams,955.63
Keita Nakamura,955.63
Montserrat Conejo Ruiz,955.62
Jorge Lopez,955.56
Tim Williams,955.55
Alexis Dufresne,955.45
Papy Abedi,955.41
Razak Al-Hassan,955.4
Walt Harris,955.39
Yoshihiro Akiyama,955.38
Tom Watson,955.34
Tyson Nam,955.32
Jon Olav Einemo,954.84
Gloria de Paula,954.78
Michael Chandler,954.69
Isaac Vallie-Flagg,954.69
Danny Martinez,954.6
Markus Perez,954.53
Justin Levens,954.42
Tateki Matsuda,954.32
Marc-Andre Barriault,954.28
Dakota Bush,953.89
Sammy Morgan,953.85
Emily Kagan,953.81
Eric Spicely,953.63
Jason Miller,953.49
Rashad Coulter,953.09
Sarah Moras,952.84
Aaron Riley,952.58
Phil Baroni,952.48
Mark De La Rosa,952.33
Malcolm Gordon,951.88
Jay Perrin,951.65
Edwin DeWees,951.07
Henry Briones,950.98
Fabio Cherant,950.86
Jordan Williams,950.82
Forrest Petz,950.78
Brad Pickett,950.4
Pete Sell,950.4
Jake Collier,950.34
Cortney Casey,950.22
Josh Parisian,949.98
Jordan Griffin,949.93
Wulijiburen,949.78
George Roop,949.78
Oluwale Bamgbose,949.59
Albert Morales,949.57
Mitch Clarke,949.33
Jordan Wright,949.19
Junior Albini,949.15
Mike Santiago,949.15
Matt Grice,948.9
Norifumi Yamamoto,948.88
Cole Escovedo,948.49
Brian Camozzi,948.46
Eddie Wineland,948.33
Antonio Silva,948.25
Jared Gooden,948.22
Shane Campbell,948.1
Dhiego Lima,948.08
Mike Massenzio,947.96
Khalid Taha,947.95
Austen Lane,947.91
Fabricio Camoes,947.87
Gilbert Yvel,947.79
Wes Sims,947.72
Antonio Arroyo,947.63
Darrius Flowers,947.62
Assuerio Silva,947.57
Igor Pokrajac,947.34
Brad Imes,947.3
Rafael Cavalcante,947.21
Alan Baudot,947.08
Darrell Montague,946.9
Mike Rodriguez,946.87
Dan Moret,946.87
Mike Rhodes,946.72
Bojan Mihajlovic,946.67
Artem Lobov,946.48
Lukasz Sajewski,946.44
Dominic Waters,946.44
Josh Haynes,946.39
Jose Daniel Medina,946.35
Garreth McLellan,946.27
Bec Rawlings,946.26
Darian Weeks,946.12
Jessica Aguilar,945.99
Wellington Turman,945.55
Yoji Anjo,945.5
Jesse Forbes,945.32
Garett Whiteley,945.29
Vinny Magalhaes,945.22
Brogan Walker,945.07
Bobby Nash,945.07
Sean O'Connell,945.07
Dave Herman,945.07
Charlie Ontiveros,945.04
Ji Yeon Kim,944.99
Kris Moutinho,944.92
Zelim Imadaev,944.91
Justin Buchholz,944.89
Dominique Steele,944.88
Andy Enz,944.62
Mostapha Al-Turk,944.62
Kiefer Crosbie,944.51
Ivan Erslan,944.46
Dylan Budka,944.34
Niklas Stolze,944.29
Iliarde Santos,944.28
Vince Morales,944.27
Jake Lindsey,944.27
Anthony Hamilton,944.16
Rayanne dos Santos,944.14
Jeremy Larsen,944.12
Hu Yaozong,944.06
Frank Camacho,944.0
Ruan Potts,943.89
Blood Diamond,943.85
Gabe Ruediger,943.82
Francisco Prado,943.75
James Llontop,943.72
Gideon Ray,943.71
Genaro Valdez,943.62
Marvin Eastman,943.53
Mateus Mendonca,943.49
Rodney Wallace,943.45
Antonio Trocoli,943.38
Jocelyn Jones-Lybarger,943.38
Erick Gonzalez,943.35
Daniel Teymur,943.34
Connor Matthews,943.19
Mohammad Yahya,943.11
Austin Hubbard,943.04
Joby Sanchez,942.91
Marcelo Rojo,942.79
John Albert,942.76
Tim Hague,942.72
Tonya Evinger,942.68
Marcio Alexandre Junior,942.61
Shannon Ross,942.51
Journey Newson,942.38
Roque Martinez,942.3
Roxanne Modafferi,942.26
Justin Edwards,942.21
David Zawada,942.14
Robert Valentin,942.1
Justin Jaynes,942.06
Kris McCray,942.04
Daiju Takase,941.89
Diego Saraiva,941.74
Jeff Hughes,941.59
Damacio Page,941.52
Harry Hunsucker,941.41
Ramona Pascual,941.19
Alex Reyes,941.04
Angela Magana,940.92
Felix Lee Mitchell,940.86
Caio Machado,940.52
Alex Chambers,940.5
Terrion Ware,940.4
Dmitrii Smoliakov,939.91
Kevin Natividad,939.89
Kevin Croom,939.82
Damian Grabowski,939.34
Ihor Potieria,939.11
Cody Gibson,938.98
Jason Reinhardt,938.92
Jorge Santiago,938.9
Estevan Payan,938.85
Kalindra Faria,938.45
Mizuto Hirota,938.42
Jessica Eye,938.37
Andy Ogle,938.3
Jeff Curran,938.28
Hannah Goldy,938.27
Hector Aldana,938.26
David Mitchell,938.12
Denys Bondar,938.03
Sabah Homasi,937.91
Ryan Jensen,937.87
Jumabieke Tuerxun,937.57
Dan Lauzon,937.46
Salim Touahri,937.25
Rafaello Oliveira,936.31
Vinicius Salvador,936.14
Denis Tiuliulin,934.9
Jared Papazian,934.84
John Phillips,934.73
Dustin Stoltzfus,934.34
Josh Grispi,933.04
Rhys McKee,932.2
Thibault Gouti,931.94
JP Buys,931.79
Jesse Ronson,931.31
Jinh Yu Frey,931.03
Anton Turkalj,929.87
Jay Hieron,929.53
Tiki Ghosn,929.51
Saimon Oliveira,929.41
Ricardo Funch,929.27
Steve Cantwell,928.84
Alen Amedovski,928.26
Hector Lombard,927.98
Dustin Pague,927.86
Leonard Garcia,927.76
Fernie Garcia,927.7
Gina Mazany,927.29
Khadis Ibragimov,927.26
Zhalgas Zhumagulov,927.03
Seth Petruzelli,927.03
Zarah Fairn,926.87
Takanori Gomi,926.8
Bobby Voelker,926.55
Vinicius Moreira,926.26
Lucie Pudilova,926.07
Elvis Sinosic,925.96
Lukasz Brzeski,925.59
Rafael Cerqueira,925.42
Diana Belbita,925.35
Wu Yanan,925.35
Will Campuzano,925.33
Maki Pitolo,925.07
Liang Na,924.84
Martin Day,924.52
Kyle Prepolec,924.4
Michihiro Omigawa,924.13
Aaron Phillips,923.8
Rolando Bedoya,923.57
Ike Villanueva,922.52
Nam Phan,921.79
Brandon Davis,921.72
Keith Wisniewski,921.33
Kurt Holobaugh,921.03
Edgar Garcia,920.86
Jared Vanderaa,920.83
Pat Healy,918.79
Jerome Rivera,918.65
Dequan Townsend,918.3
Jodie Esquibel,917.82
Gilbert Melendez,916.36
Joe Doerksen,915.79
Jamie Pickett,915.2
John Alessio,914.83
Ashley Yoder,913.82
Kailin Curran,912.66
Naoyuki Kotani,911.48
Julija Stoliarenko,910.31
Istela Nunes,910.21
Daniel Lacerda,909.48
Sean Soriano,909.07
Phillipe Nover,905.32
Chase Sherman,902.22
